{"cameraMode":{"drawMode":0,"name":"Shaded","section":"Shading Mode"},"sceneLighting":false,"audioPlay":false,"sceneViewState":{"m_AlwaysRefresh":false,"showFog":true,"showSkybox":false,"showFlares":true,"showImageEffects":true,"showParticleSystems":true,"showVisualEffectGraphs":true,"m_FxEnabled":true},"in2DMode":false,"pivot":{"x":-1.1123439073562623,"y":-0.11148296296596527,"z":-0.18510876595973969},"rotation":{"x":0.026941625401377679,"y":-0.06383130699396134,"z":0.0017238666769117118,"w":0.9975955486297607},"size":1.032751441001892,"orthographic":false}